id;nom;prenom;telephone;email
1;connect Connecticut;Platinum Profound;214-809-0930 x5035;Brant.Crooks36@hotmail.com
2;Optimization Belarussian Ruble;Computers;(494) 160-8605;Concepcion95@gmail.com
3;Berkshire;Identity withdrawal partnerships;325-629-5364;Kristy.Dickens@gmail.com
4;withdrawal functionalities synergies;Tactics Checking Account;1-603-502-2375;Marquis_Zulauf@yahoo.com
5;Oklahoma;Central Sao Tome and Principe lavender;628-491-0916;Toby_Walker81@hotmail.com
6;solutions;Checking Account Director Lead;287-069-5663 x219;Dolores62@yahoo.com
7;Berkshire;Usability;451-270-4491;Euna18@yahoo.com
8;Intelligent Soft Cheese;Car Baht;(891) 319-1996 x96125;Diana.Franecki63@yahoo.com
9;back up;Iraq;905.298.9996 x0498;Estevan49@hotmail.com
10;Venezuela Mandatory;solution navigate;(618) 094-1376;Mose_Runolfsson@yahoo.com
