id;nom;prenom;pays;adresse;telephone;email
1;connect Connecticut;Platinum Profound;coherent Station;Supervisor;305.035.9117 x03694;Brendan26@hotmail.com
2;Vista;orchid Licensed;Sleek Concrete Mouse Program Research;Terrace Identity;(440) 232-5629 x5364;Kristy.Dickens@gmail.com
3;withdrawal functionalities synergies;Tactics Checking Account;Armenian Dram;Checking Account Exclusive;755.696.5257;Steve_Koelpin@hotmail.com
4;Implementation;Stand-alone Views;Outdoors;invoice;1-977-804-2761 x93904;Sarai67@gmail.com
5;North Dakota withdrawal bi-directional;Bedfordshire Kentucky Savings Account;Brook Usability;Pass;270.449.1634;Christ23@gmail.com
6;index Car Baht;Human Cotton silver;Chief;Orchestrator Bike;1-322-836-0700 x547;Aurelio90@hotmail.com
7;Strategist Orchestrator Practical;synthesizing impactful Networked;Venezuela Mandatory;solution navigate;(618) 094-1376;Mose_Runolfsson@yahoo.com
8;overriding Wooden;Avon Tuna;Tuna Baby Buckinghamshire;Prairie Visionary;751.113.1636;Rachel46@yahoo.com
9;Berkshire purple;synergistic Buckinghamshire Grocery;Coordinator e-business;next generation;505-578-1452;Quentin15@gmail.com
10;Maine reinvent Ergonomic Wooden Computer;deposit bus;Gorgeous Soft Table Unbranded Metal Cheese;real-time Generic Granite Gloves;1-829-911-5844 x68767;Geovanni.Hintz7@hotmail.com
